{
  "sea_level": 63,
  "disable_mob_generation": false,
  "aquifers_enabled": true,
  "ore_veins_enabled": false,
  "legacy_random_source": true,
  "default_block": {
    "Name": "minecraft:deepslate",
    "Properties": {
      "axis": "y"
    }
  },
  "default_fluid": {
    "Name": "minecraft:water",
    "Properties": {
      "level": "0"
    }
  },
  "noise": {
    "min_y": 0,
    "height": 256,
    "size_horizontal": 1,
    "size_vertical": 2
  },
  "noise_router": {
    "barrier": {
      "type": "minecraft:noise",
      "noise": "minecraft:aquifer_barrier",
      "xz_scale": 1,
      "y_scale": 0.5
    },
    "fluid_level_floodedness": {
      "type": "minecraft:noise",
      "noise": "minecraft:aquifer_fluid_level_floodedness",
      "xz_scale": 1,
      "y_scale": 0.67
    },
    "fluid_level_spread": {
      "type": "minecraft:noise",
      "noise": "minecraft:aquifer_fluid_level_spread",
      "xz_scale": 1,
      "y_scale": 0.7142857142857143
    },
    "lava": {
      "type": "minecraft:noise",
      "noise": "minecraft:aquifer_lava",
      "xz_scale": 1,
      "y_scale": 1
    },
    "temperature": {
      "type": "minecraft:shifted_noise",
      "noise": "minecraft:temperature",
      "xz_scale": 0.25,
      "y_scale": 0,
      "shift_x": "minecraft:shift_x",
      "shift_y": 0,
      "shift_z": "minecraft:shift_z"
    },
    "vegetation": {
      "type": "minecraft:shifted_noise",
      "noise": "minecraft:vegetation",
      "xz_scale": 0.25,
      "y_scale": 0,
      "shift_x": "minecraft:shift_x",
      "shift_y": 0,
      "shift_z": "minecraft:shift_z"
    },
    "continents": "minecraft:overworld/continents",
    "erosion": "minecraft:overworld/erosion",
    "depth": "minecraft:overworld/depth",
    "ridges": "minecraft:overworld/ridges",
    "initial_density_without_jaggedness": 0,
    "final_density": {
      "type": "minecraft:add",
      "argument1": {
        "type": "minecraft:y_clamped_gradient",
        "from_y": 0,
        "to_y": 108,
        "from_value": 2,
        "to_value": -2
      },
      "argument2": {
        "type": "minecraft:clamp",
        "input": {
          "type": "minecraft:mul",
          "argument1": {
            "type": "minecraft:abs",
            "argument": {
              "type": "minecraft:noise",
              "noise": "minecraft:gravel",
              "xz_scale": 2,
              "y_scale": 0.6
            }
          },
          "argument2": {
            "type": "minecraft:abs",
            "argument": {
              "type": "minecraft:clamp",
              "input": {
                "type": "minecraft:shifted_noise",
                "noise": "minecraft:erosion",
                "xz_scale": 0.25,
                "y_scale": 0,
                "shift_x": "minecraft:shift_x",
                "shift_y": 0,
                "shift_z": "minecraft:shift_z"
              },
              "min": 2,
              "max": 6
            }
          }
        },
        "min": -2,
        "max": 2
      }
    },
    "vein_toggle": {
      "type": "minecraft:interpolated",
      "argument": {
        "type": "minecraft:range_choice",
        "input": "minecraft:y",
        "min_inclusive": -60,
        "max_exclusive": 51,
        "when_in_range": {
          "type": "minecraft:noise",
          "noise": "minecraft:ore_veininess",
          "xz_scale": 1.5,
          "y_scale": 1.5
        },
        "when_out_of_range": 0
      }
    },
    "vein_ridged": {
      "type": "minecraft:add",
      "argument1": -0.07999999821186066,
      "argument2": {
        "type": "minecraft:max",
        "argument1": {
          "type": "minecraft:abs",
          "argument": {
            "type": "minecraft:interpolated",
            "argument": {
              "type": "minecraft:range_choice",
              "input": "minecraft:y",
              "min_inclusive": -60,
              "max_exclusive": 51,
              "when_in_range": {
                "type": "minecraft:noise",
                "noise": "minecraft:ore_vein_a",
                "xz_scale": 4,
                "y_scale": 4
              },
              "when_out_of_range": 0
            }
          }
        },
        "argument2": {
          "type": "minecraft:abs",
          "argument": {
            "type": "minecraft:interpolated",
            "argument": {
              "type": "minecraft:range_choice",
              "input": "minecraft:y",
              "min_inclusive": -60,
              "max_exclusive": 51,
              "when_in_range": {
                "type": "minecraft:noise",
                "noise": "minecraft:ore_vein_b",
                "xz_scale": 4,
                "y_scale": 4
              },
              "when_out_of_range": 0
            }
          }
        }
      }
    },
    "vein_gap": {
      "type": "minecraft:noise",
      "noise": "minecraft:ore_gap",
      "xz_scale": 1,
      "y_scale": 1
    }
  },
  "spawn_target": [
    {
      "temperature": [
        -1,
        1
      ],
      "humidity": [
        -1,
        1
      ],
      "continentalness": [
        -0.11,
        1
      ],
      "erosion": [
        -1,
        1
      ],
      "weirdness": [
        -1,
        -0.16
      ],
      "depth": 0,
      "offset": 0
    },
    {
      "temperature": [
        -1,
        1
      ],
      "humidity": [
        -1,
        1
      ],
      "continentalness": [
        -0.11,
        1
      ],
      "erosion": [
        -1,
        1
      ],
      "weirdness": [
        0.16,
        1
      ],
      "depth": 0,
      "offset": 0
    }
  ],
  "surface_rule": {
    "type": "minecraft:sequence",
    "sequence": [
      {
        "type": "minecraft:condition",
        "if_true": {
          "type": "minecraft:vertical_gradient",
          "random_name": "minecraft:bedrock_floor",
          "true_at_and_below": {
            "above_bottom": 0
          },
          "false_at_and_above": {
            "above_bottom": 5
          }
        },
        "then_run": {
          "type": "minecraft:block",
          "result_state": {
            "Name": "minecraft:bedrock"
          }
        }
      },
      {
        "type": "minecraft:condition",
        "if_true": {
          "type": "minecraft:stone_depth",
          "offset": 0,
          "surface_type": "floor",
          "add_surface_depth": false,
          "secondary_depth_range": 0
        },
        "then_run": {
          "type": "minecraft:sequence",
          "sequence": [
            {
              "type": "minecraft:condition",
              "if_true": {
                "type": "minecraft:biome",
                "biome_is": [
                  "nitdim:tempest/lightning_fields"
                ]
              },
              "then_run": {
                "type": "minecraft:block",
                "result_state": {
                  "Name": "minecraft:podzol",
                  "Properties": {
                    "snowy": "false"
                  }
                }
              }
            },
            {
              "type": "minecraft:condition",
              "if_true": {
                "type": "minecraft:biome",
                "biome_is": [
                  "nitdim:tempest/forboding_wood",
                  "nitdim:tempest/hailing_wood"
                ]
              },
              "then_run": {
                "type": "minecraft:block",
                "result_state": {
                  "Name": "minecraft:grass_block",
                  "Properties": {
                    "snowy": "false"
                  }
                }
              }
            },
            {
              "type": "minecraft:condition",
              "if_true": {
                "type": "minecraft:biome",
                "biome_is": [
                  "nitdim:tempest/glacial_wall"
                ]
              },
              "then_run": {
                "type": "minecraft:block",
                "result_state": {
                  "Name": "minecraft:packed_ice"
                }
              }
            },
            {
              "type": "minecraft:condition",
              "if_true": {
                "type": "minecraft:biome",
                "biome_is": [
                  "nitdim:tempest/slimy_reservoir"
                ]
              },
              "then_run": {
                "type": "minecraft:block",
                "result_state": {
                  "Name": "minecraft:slime_block"
                }
              }
            }
          ]
        }
      },
      {
        "type": "minecraft:condition",
        "if_true": {
          "type": "minecraft:stone_depth",
          "offset": 0,
          "surface_type": "floor",
          "add_surface_depth": false,
          "secondary_depth_range": 3
        },
        "then_run": {
          "type": "minecraft:sequence",
          "sequence": [
            {
              "type": "minecraft:condition",
              "if_true": {
                "type": "minecraft:biome",
                "biome_is": [
                  "nitdim:tempest/stockpile"
                ]
              },
              "then_run": {
                "type": "minecraft:sequence",
                "sequence": [
                  {
                    "type": "minecraft:condition",
                    "if_true": {
                      "type": "minecraft:y_above",
                      "anchor": {
                        "absolute": 90
                      },
                      "surface_depth_multiplier": 0,
                      "add_stone_depth": false
                    },
                    "then_run": {
                      "type": "minecraft:block",
                      "result_state": {
                        "Name": "minecraft:gray_concrete"
                      }
                    }
                  },
                  {
                    "type": "minecraft:condition",
                    "if_true": {
                      "type": "minecraft:y_above",
                      "anchor": {
                        "absolute": 88
                      },
                      "surface_depth_multiplier": 0,
                      "add_stone_depth": false
                    },
                    "then_run": {
                      "type": "minecraft:block",
                      "result_state": {
                        "Name": "minecraft:cyan_concrete"
                      }
                    }
                  },
                  {
                    "type": "minecraft:condition",
                    "if_true": {
                      "type": "minecraft:y_above",
                      "anchor": {
                        "absolute": 87
                      },
                      "surface_depth_multiplier": 0,
                      "add_stone_depth": false
                    },
                    "then_run": {
                      "type": "minecraft:block",
                      "result_state": {
                        "Name": "minecraft:red_concrete"
                      }
                    }
                  },
                  {
                    "type": "minecraft:condition",
                    "if_true": {
                      "type": "minecraft:y_above",
                      "anchor": {
                        "absolute": 86
                      },
                      "surface_depth_multiplier": 0,
                      "add_stone_depth": false
                    },
                    "then_run": {
                      "type": "minecraft:block",
                      "result_state": {
                        "Name": "minecraft:light_gray_concrete"
                      }
                    }
                  },
                  {
                    "type": "minecraft:condition",
                    "if_true": {
                      "type": "minecraft:y_above",
                      "anchor": {
                        "absolute": 85
                      },
                      "surface_depth_multiplier": 0,
                      "add_stone_depth": false
                    },
                    "then_run": {
                      "type": "minecraft:block",
                      "result_state": {
                        "Name": "minecraft:red_concrete"
                      }
                    }
                  },
                  {
                    "type": "minecraft:condition",
                    "if_true": {
                      "type": "minecraft:y_above",
                      "anchor": {
                        "absolute": 84
                      },
                      "surface_depth_multiplier": 0,
                      "add_stone_depth": false
                    },
                    "then_run": {
                      "type": "minecraft:block",
                      "result_state": {
                        "Name": "minecraft:white_concrete"
                      }
                    }
                  },
                  {
                    "type": "minecraft:condition",
                    "if_true": {
                      "type": "minecraft:y_above",
                      "anchor": {
                        "absolute": 82
                      },
                      "surface_depth_multiplier": 0,
                      "add_stone_depth": false
                    },
                    "then_run": {
                      "type": "minecraft:block",
                      "result_state": {
                        "Name": "minecraft:black_concrete"
                      }
                    }
                  },
                  {
                    "type": "minecraft:condition",
                    "if_true": {
                      "type": "minecraft:y_above",
                      "anchor": {
                        "absolute": 80
                      },
                      "surface_depth_multiplier": 0,
                      "add_stone_depth": false
                    },
                    "then_run": {
                      "type": "minecraft:block",
                      "result_state": {
                        "Name": "minecraft:brown_concrete"
                      }
                    }
                  },
                  {
                    "type": "minecraft:condition",
                    "if_true": {
                      "type": "minecraft:y_above",
                      "anchor": {
                        "absolute": 75
                      },
                      "surface_depth_multiplier": 0,
                      "add_stone_depth": false
                    },
                    "then_run": {
                      "type": "minecraft:block",
                      "result_state": {
                        "Name": "minecraft:gray_concrete"
                      }
                    }
                  },
                  {
                    "type": "minecraft:condition",
                    "if_true": {
                      "type": "minecraft:y_above",
                      "anchor": {
                        "absolute": 73
                      },
                      "surface_depth_multiplier": 0,
                      "add_stone_depth": false
                    },
                    "then_run": {
                      "type": "minecraft:block",
                      "result_state": {
                        "Name": "minecraft:cyan_concrete"
                      }
                    }
                  },
                  {
                    "type": "minecraft:condition",
                    "if_true": {
                      "type": "minecraft:y_above",
                      "anchor": {
                        "absolute": 72
                      },
                      "surface_depth_multiplier": 0,
                      "add_stone_depth": false
                    },
                    "then_run": {
                      "type": "minecraft:block",
                      "result_state": {
                        "Name": "minecraft:red_concrete"
                      }
                    }
                  },
                  {
                    "type": "minecraft:condition",
                    "if_true": {
                      "type": "minecraft:y_above",
                      "anchor": {
                        "absolute": 71
                      },
                      "surface_depth_multiplier": 0,
                      "add_stone_depth": false
                    },
                    "then_run": {
                      "type": "minecraft:block",
                      "result_state": {
                        "Name": "minecraft:light_gray_concrete"
                      }
                    }
                  },
                  {
                    "type": "minecraft:condition",
                    "if_true": {
                      "type": "minecraft:y_above",
                      "anchor": {
                        "absolute": 70
                      },
                      "surface_depth_multiplier": 0,
                      "add_stone_depth": false
                    },
                    "then_run": {
                      "type": "minecraft:block",
                      "result_state": {
                        "Name": "minecraft:red_concrete"
                      }
                    }
                  },
                  {
                    "type": "minecraft:condition",
                    "if_true": {
                      "type": "minecraft:y_above",
                      "anchor": {
                        "absolute": 69
                      },
                      "surface_depth_multiplier": 0,
                      "add_stone_depth": false
                    },
                    "then_run": {
                      "type": "minecraft:block",
                      "result_state": {
                        "Name": "minecraft:white_concrete"
                      }
                    }
                  },
                  {
                    "type": "minecraft:condition",
                    "if_true": {
                      "type": "minecraft:y_above",
                      "anchor": {
                        "absolute": 67
                      },
                      "surface_depth_multiplier": 0,
                      "add_stone_depth": false
                    },
                    "then_run": {
                      "type": "minecraft:block",
                      "result_state": {
                        "Name": "minecraft:black_concrete"
                      }
                    }
                  },
                  {
                    "type": "minecraft:condition",
                    "if_true": {
                      "type": "minecraft:y_above",
                      "anchor": {
                        "absolute": 65
                      },
                      "surface_depth_multiplier": 0,
                      "add_stone_depth": false
                    },
                    "then_run": {
                      "type": "minecraft:block",
                      "result_state": {
                        "Name": "minecraft:brown_concrete"
                      }
                    }
                  },
                  {
                    "type": "minecraft:condition",
                    "if_true": {
                      "type": "minecraft:y_above",
                      "anchor": {
                        "absolute": 60
                      },
                      "surface_depth_multiplier": 0,
                      "add_stone_depth": false
                    },
                    "then_run": {
                      "type": "minecraft:block",
                      "result_state": {
                        "Name": "minecraft:gray_concrete"
                      }
                    }
                  },
                  {
                    "type": "minecraft:block",
                    "result_state": {
                      "Name": "minecraft:light_gray_concrete"
                    }
                  }
                ]
              }
            },
            {
              "type": "minecraft:condition",
              "if_true": {
                "type": "minecraft:biome",
                "biome_is": [
                  "nitdim:tempest/stricken_summit"
                ]
              },
              "then_run": {
                "type": "minecraft:sequence",
                "sequence": [
                  {
                    "type": "minecraft:condition",
                    "if_true": {
                      "type": "minecraft:noise_threshold",
                      "noise": "minecraft:cave_cheese",
                      "min_threshold": -0.05,
                      "max_threshold": 0.05
                    },
                    "then_run": {
                      "type": "minecraft:block",
                      "result_state": {
                        "Name": "minecraft:blackstone"
                      }
                    }
                  },
                  {
                    "type": "minecraft:condition",
                    "if_true": {
                      "type": "minecraft:noise_threshold",
                      "noise": "minecraft:cave_cheese",
                      "min_threshold": -0.1,
                      "max_threshold": 0.1
                    },
                    "then_run": {
                      "type": "minecraft:block",
                      "result_state": {
                        "Name": "minecraft:diorite"
                      }
                    }
                  },
                  {
                    "type": "minecraft:condition",
                    "if_true": {
                      "type": "minecraft:noise_threshold",
                      "noise": "minecraft:cave_cheese",
                      "min_threshold": 0.2,
                      "max_threshold": 0.25
                    },
                    "then_run": {
                      "type": "minecraft:block",
                      "result_state": {
                        "Name": "minecraft:glowstone"
                      }
                    }
                  },
                  {
                    "type": "minecraft:block",
                    "result_state": {
                      "Name": "minecraft:blackstone"
                    }
                  }
                ]
              }
            }
          ]
        }
      },
      {
        "type": "minecraft:condition",
        "if_true": {
          "type": "minecraft:stone_depth",
          "offset": 0,
          "surface_type": "floor",
          "add_surface_depth": true,
          "secondary_depth_range": 2
        },
        "then_run": {
          "type": "minecraft:sequence",
          "sequence": [
            {
              "type": "minecraft:condition",
              "if_true": {
                "type": "minecraft:biome",
                "biome_is": [
                  "nitdim:tempest/lightning_fields"
                ]
              },
              "then_run": {
                "type": "minecraft:block",
                "result_state": {
                  "Name": "minecraft:coarse_dirt"
                }
              }
            },
            {
              "type": "minecraft:condition",
              "if_true": {
                "type": "minecraft:biome",
                "biome_is": [
                  "nitdim:tempest/forboding_wood",
                  "nitdim:tempest/hailing_wood"
                ]
              },
              "then_run": {
                "type": "minecraft:block",
                "result_state": {
                  "Name": "minecraft:dirt"
                }
              }
            },
            {
              "type": "minecraft:condition",
              "if_true": {
                "type": "minecraft:biome",
                "biome_is": [
                  "nitdim:tempest/glacial_wall"
                ]
              },
              "then_run": {
                "type": "minecraft:block",
                "result_state": {
                  "Name": "minecraft:packed_ice"
                }
              }
            },
            {
              "type": "minecraft:condition",
              "if_true": {
                "type": "minecraft:biome",
                "biome_is": [
                  "nitdim:tempest/slimy_reservoir"
                ]
              },
              "then_run": {
                "type": "minecraft:block",
                "result_state": {
                  "Name": "minecraft:slime_block"
                }
              }
            },
            {
              "type": "minecraft:condition",
              "if_true": {
                "type": "minecraft:biome",
                "biome_is": [
                  "nitdim:tempest/stockpile"
                ]
              },
              "then_run": {
                "type": "minecraft:block",
                "result_state": {
                  "Name": "minecraft:gray_concrete"
                }
              }
            },
            {
              "type": "minecraft:condition",
              "if_true": {
                "type": "minecraft:biome",
                "biome_is": [
                  "nitdim:tempest/stricken_summit"
                ]
              },
              "then_run": {
                "type": "minecraft:block",
                "result_state": {
                  "Name": "minecraft:blackstone"
                }
              }
            }
          ]
        }
      }
    ]
  }
}
