{
  "temperature": 1,
  "downfall": 0,
  "has_precipitation": false,
  "temperature_modifier": "none",
  "category": "plains",
  "effects": {
    "sky_color": 8905458,
    "fog_color": 11780827,
    "water_color": 9040100,
    "water_fog_color": 329011,
    "grass_color": 6865390,
    "foliage_color": 4505587,
    "grass_color_modifier": "none",
    "particle": {
      "options": {
        "type": "minecraft:end_rod"
      },
      "probability": 0.025
    }
  },
  "spawners": {
    "creature": [
      {
        "type": "minecraft:polar_bear",
        "weight": 6,
        "minCount": 1,
        "maxCount": 1
      }
    ]
  },
  "spawn_costs": {},
  "carvers": {},
  "features": [
    [
      "minecraft:small_basalt_columns"
    ],
    [],
    [],
    [
      "nitdim:in_between/sparkles",
      "nitdim:in_between/replacer_basalt"
    ],
    [],
    [],
    [],
    [],
    [],
    [],
    [
      "minecraft:forest_rock",
      "nitdim:in_between/ore_grass_in_ice"
    ]
  ]
}
