{
  "type": "minecraft:random_patch",
  "config": {
    "tries": 64,
    "xz_spread": 7,
    "y_spread": 3,
    "feature": {
      "feature": {
        "type": "minecraft:simple_block",
        "config": {
          "to_place": {
            "type": "minecraft:weighted_state_provider",
            "entries": [
              {
                "weight": 10,
                "data": {
                  "Name": "minecraft:air"
                }
              },
              {
                "weight": 1,
                "data": {
                  "Name": "minecraft:dead_fire_coral",
                  "Properties": {
                    "waterlogged": "false"
                  }
                }
              },
              {
                "weight": 1,
                "data": {
                  "Name": "minecraft:dead_horn_coral",
                  "Properties": {
                    "waterlogged": "false"
                  }
                }
              },
              {
                "weight": 1,
                "data": {
                  "Name": "minecraft:bone_block",
                  "Properties": {
                    "axis": "y"
                  }
                }
              },
              {
                "weight": 1,
                "data": {
                  "Name": "minecraft:diorite_wall",
                  "Properties": {
                    "east": "none",
                    "west": "none",
                    "north": "none",
                    "south": "none",
                    "up": "true",
                    "waterlogged": "false"
                  }
                }
              }
            ]
          }
        }
      },
      "placement": [
        {
          "type": "minecraft:block_predicate_filter",
          "predicate": {
            "type": "minecraft:all_of",
            "predicates": [
              {
                "type": "minecraft:matching_blocks",
                "blocks": [
                  "minecraft:air"
                ]
              },
              {
                "type": "minecraft:matching_blocks",
                "offset": [
                  0,
                  -1,
                  0
                ],
                "blocks": [
                  "minecraft:soul_sand",
                  "minecraft:soul_soil",
                  "minecraft:mud"
                ]
              }
            ]
          }
        }
      ]
    }
  }
}
