{
  "type": "minecraft:command",
  "pools": [
    {
      "rolls": 1,
      "entries": [
        {
          "type": "minecraft:item",
          "name": "minecraft:written_book",
          "functions": [
            {
              "function": "minecraft:set_nbt",
              "tag": "{nitdim_bookAncient:3b,generation:3,pages: ['{\"text\":\"Syx: \\\\\"The court will now hear the opening statements of King Drizen, representing himself. Your Majesty.\\\\\"\\\\n\\\\nDrizen: \\\\\"My efforts to resolve our plight with the Ender people peacefully and diplomatically were met with silence, blank stares, and overall\"}', '{\"text\":\"betrayal of the compassion our kingdom has shown them since our establishment. The land-dwellers of the Mystic Roughs are older than us, perhaps, but they are not indigenous to these waters--they are invaders from another world, and over time it became\"}', '{\"text\":\"clear to me that their intent was to transform all they could touch, to warp it to their whims and desires. I offered them peaceful egress from the Buried Ocean, but they refused. Claiming right of asylum, like refugees, as though they had not dwelled here without threat,\"}', '{\"text\":\"without respect for the seas of our home, for millenia. There was no choice but to choke them out. Although we are not a land-dwelling people, their affectation of the land would only become a danger to the ocean in time. Even without direct contact with our domain, the relationship between\"}', '{\"text\":\"the water and what rests overhead and above is well-known. What harms one would harm the other. But we are more attuned to this symbiosis than any other. I knew the risks and the effects of my actions and those actions I ordered upon those lands. With or without my rule,\"}', '{\"text\":\"there is no argument that the Ender people cannot remain here.\\\\\"\"}'], title: \"Buried Histories Vol. III\", author: \"Unknown\"}"
            }
          ]
        }
      ]
    }
  ]
}
