{
  "type": "minecraft:command",
  "pools": [
    {
      "rolls": 1,
      "entries": [
        {
          "type": "minecraft:item",
          "name": "minecraft:written_book",
          "functions": [
            {
              "function": "minecraft:set_nbt",
              "tag": "{nitdim_bookAncient:7b,generation:3,pages: ['{\"text\":\"Syx: \\\\\"Let there once again be order in the court. [Pause] Thank you Guardian Gada, you may return to your gallery. Does the prosecution have another witness?\\\\\"\\\\n\\\\nHane: \\\\\"No, your Elder.\\\\\"\\\\n\\\\nSyx: \\\\\"Your majesty?\\\\\"\"}', '{\"text\":\"Drizen: \\\\\"I rest my case, your Elder.\\\\\"\\\\n\\\\nSyx: \\\\\"Then the court of the Guardians will take their vote to decide the fate of King Drizen, judged by a jury of his subjects.\\\\\"\"}'], title: \"Buried Histories Vol. VII\", author: \"Unknown\"}"
            }
          ]
        }
      ]
    }
  ]
}
