{
  "type": "minecraft:chest",
  "pools": [
    {
      "rolls": 1,
      "entries": [
        {
          "type": "minecraft:loot_table",
          "weight": 4,
          "name": "nitdim:items/books/obelisk_book_1"
        },
        {
          "type": "minecraft:loot_table",
          "weight": 6,
          "name": "nitdim:items/books/obelisk_book_3"
        }
      ]
    },
    {
      "rolls": {
        "type": "minecraft:uniform",
        "min": 8,
        "max": 12
      },
      "entries": [
        {
          "type": "minecraft:item",
          "weight": 3,
          "name": "minecraft:diamond"
        },
        {
          "type": "minecraft:item",
          "weight": 15,
          "name": "minecraft:sand"
        },
        {
          "type": "minecraft:item",
          "weight": 11,
          "name": "minecraft:red_sand"
        },
        {
          "type": "minecraft:item",
          "weight": 10,
          "name": "minecraft:sandstone"
        },
        {
          "type": "minecraft:item",
          "weight": 7,
          "name": "minecraft:red_sandstone"
        },
        {
          "type": "minecraft:item",
          "weight": 4,
          "name": "minecraft:emerald"
        },
        {
          "type": "minecraft:item",
          "weight": 5,
          "name": "minecraft:iron_axe"
        },
        {
          "type": "minecraft:item",
          "weight": 4,
          "name": "minecraft:crossbow"
        },
        {
          "type": "minecraft:item",
          "weight": 2,
          "name": "minecraft:gold_block"
        }
      ]
    },
    {
      "rolls": 1,
      "entries": [
        {
          "type": "minecraft:item",
          "weight": 1,
          "name": "minecraft:spire_armor_trim_smithing_template"
        },
        {
          "type": "minecraft:item",
          "weight": 1,
          "name": "minecraft:vex_armor_trim_smithing_template"
        }
      ],
      "conditions": [
        {
          "condition": "minecraft:random_chance",
          "chance": 0.2
        }
      ]
    }
  ]
}