{
  "type": "minecraft:chest",
  "pools": [
    {
      "rolls": 1,
      "entries": [
        {
          "type": "minecraft:loot_table",
          "weight": 4,
          "name": "nitdim:items/books/ancient_book_7"
        },
        {
          "type": "minecraft:loot_table",
          "weight": 1,
          "name": "nitdim:items/books/ancient_book_8"
        }
      ]
    },
    {
      "rolls": {
        "type": "minecraft:uniform",
        "min": 15,
        "max": 25
      },
      "entries": [
        {
          "type": "minecraft:item",
          "weight": 1,
          "name": "minecraft:netherite_ingot"
        },
        {
          "type": "minecraft:item",
          "weight": 15,
          "name": "minecraft:gold_ingot"
        },
        {
          "type": "minecraft:item",
          "weight": 11,
          "name": "minecraft:diamond"
        },
        {
          "type": "minecraft:item",
          "weight": 6,
          "name": "minecraft:emerald"
        },
        {
          "type": "minecraft:item",
          "weight": 8,
          "name": "minecraft:lapis_block"
        },
        {
          "type": "minecraft:alternatives",
          "children": [
            {
              "type": "minecraft:item",
              "weight": 5,
              "name": "minecraft:netherite_sword",
              "conditions": [
                {
                  "condition": "minecraft:random_chance",
                  "chance": 0.25
                }
              ]
            },
            {
              "type": "minecraft:item",
              "weight": 5,
              "name": "minecraft:netherite_pickaxe",
              "conditions": [
                {
                  "condition": "minecraft:random_chance",
                  "chance": 0.25
                }
              ]
            },
            {
              "type": "minecraft:item",
              "weight": 5,
              "name": "minecraft:netherite_shovel",
              "conditions": [
                {
                  "condition": "minecraft:random_chance",
                  "chance": 0.25
                }
              ]
            },
            {
              "type": "minecraft:item",
              "weight": 5,
              "name": "minecraft:netherite_helmet",
              "conditions": [
                {
                  "condition": "minecraft:random_chance",
                  "chance": 0.25
                }
              ]
            }
          ]
        },
        {
          "type": "minecraft:item",
          "weight": 3,
          "name": "minecraft:ancient_debris"
        },
        {
          "type": "minecraft:alternatives",
          "children": [
            {
              "type": "minecraft:item",
              "weight": 5,
              "name": "minecraft:potion",
              "functions": [
                {
                  "function": "minecraft:set_nbt",
                  "tag": "{Potion: \"minecraft:long_night_vision\"}"
                }
              ],
              "conditions": [
                {
                  "condition": "minecraft:random_chance",
                  "chance": 0.5
                }
			  ]
            },
            {
              "type": "minecraft:item",
              "weight": 5,
              "name": "minecraft:potion",
              "functions": [
                {
                  "function": "minecraft:set_nbt",
                  "tag": "{Potion: \"minecraft:long_night_vision\"}"
                }
              ],
              "conditions": [
                {
                  "condition": "minecraft:random_chance",
                  "chance": 0.5
                }
			  ]
            }
          ]
        },
        {
          "type": "minecraft:item",
          "weight": 2,
          "name": "minecraft:trident"
        }
      ]
    },
    {
      "rolls": 1,
      "entries": [
        {
          "type": "minecraft:item",
          "weight": 3,
          "name": "minecraft:coast_armor_trim_smithing_template"
        },
        {
          "type": "minecraft:item",
          "weight": 3,
          "name": "minecraft:tide_armor_trim_smithing_template"
        },
        {
          "type": "minecraft:item",
          "weight": 1,
          "name": "minecraft:netherite_upgrade_smithing_template"
        }
      ],
      "conditions": [
        {
          "condition": "minecraft:random_chance",
          "chance": 0.6
        }
      ]
    }
  ]
}