{
  "feature": "nitdim:buried_ocean/block_piles_pristine_surface",
  "placement": [
    {
      "type": "minecraft:count",
      "count": 2
    },
    {
      "type": "minecraft:in_square"
    },
    {
      "type": "minecraft:height_range",
      "height": {
        "type": "minecraft:uniform",
        "min_inclusive": {
          "above_bottom": 51
        },
        "max_inclusive": {
          "absolute": 110
        }
      }
    },
    {
      "type": "minecraft:environment_scan",
      "direction_of_search": "down",
      "max_steps": 1,
      "target_condition": {
        "type": "minecraft:matching_blocks",
        "offset": [
          0,
          -1,
          0
        ],
        "blocks": [
          "minecraft:calcite",
          "minecraft:sand"
        ]
      }
    },
    {
      "type": "minecraft:biome"
    }
  ]
}
