{
  "feature": "nitdim:buried_ocean/patch_grass",
  "placement": [
    {
      "type": "minecraft:count_on_every_layer",
      "count": 8
    },
    {
      "type": "minecraft:block_predicate_filter",
      "predicate": {
        "type": "minecraft:matching_blocks",
        "offset": [
          0,
          -1,
          0
        ],
        "blocks": [
          "minecraft:grass_block"
        ]
      }
    },
    {
      "type": "minecraft:in_square"
    },
    {
      "type": "minecraft:biome"
    }
  ]
}
