{
  "temperature": 0.5,
  "downfall": 0,
  "precipitation": "rain",
  "temperature_modifier": "none",
  "category": "forest",
  "creature_spawn_probability": 0.2,
  "effects": {
    "sky_color": 8615811,
    "fog_color": 6312541,
    "water_color": 7638226,
    "water_fog_color": 3291203,
    "grass_color": 2966276,
    "foliage_color": 1845004
  },
  "spawners": {
    "creature": [
      {
        "type": "minecraft:donkey",
        "weight": 2,
        "minCount": 1,
        "maxCount": 1
      },
      {
        "type": "minecraft:chicken",
        "weight": 6,
        "minCount": 3,
        "maxCount": 4
      },
      {
        "type": "minecraft:pig",
        "weight": 10,
        "minCount": 2,
        "maxCount": 3
      },
      {
        "type": "minecraft:cow",
        "weight": 8,
        "minCount": 2,
        "maxCount": 3
      }
    ],
    "monster": [
      {
        "type": "minecraft:spider",
        "weight": 30,
        "minCount": 2,
        "maxCount": 3
      },
      {
        "type": "minecraft:witch",
        "weight": 16,
        "minCount": 1,
        "maxCount": 2
      },
      {
        "type": "minecraft:creeper",
        "weight": 3,
        "minCount": 1,
        "maxCount": 1
      },
      {
        "type": "minecraft:skeleton",
        "weight": 12,
        "minCount": 1,
        "maxCount": 2
      },
      {
        "type": "minecraft:zombie",
        "weight": 40,
        "minCount": 1,
        "maxCount": 3
      }
    ],
    "water_creature": []
  },
  "spawn_costs": {},
  "carvers": {
    "air": [
      "minecraft:canyon",
      "minecraft:cave"
    ]
  },
  "features": [
    [],
    [],
    [],
    [],
    [],
    [],
    [
      "minecraft:ore_dirt",
      "minecraft:ore_gravel",
      "nitdim:ore_granite",
      "nitdim:ore_diorite",
      "nitdim:ore_andesite",
      "minecraft:disk_sand",
      "minecraft:disk_clay",
      "minecraft:disk_gravel",
      "nitdim:tempest/ore_coal",
      "nitdim:tempest/ore_copper_buried",
      "nitdim:tempest/ore_diamond",
      "nitdim:tempest/ore_gold",
      "nitdim:tempest/ore_iron",
      "nitdim:tempest/ore_lapis",
      "nitdim:tempest/ore_redstone",
      "nitdim:tempest/ore_emerald"
    ],
    [
      "nitdim:tempest/forboding_vegetation",
      "nitdim:tempest/sparse_willow",
      "minecraft:patch_grass_plain"
    ],
    [
      "minecraft:forest_rock"
    ],
    []
  ]
}
