{
	"type": "minecraft:random_patch",
	"config": {
	  "tries": 6,
	  "xz_spread": 4,
	  "y_spread": 0,
	  "feature": {
		"feature": {
		  "type": "minecraft:simple_block",
		  "config": {
			"to_place": {
			  "type": "minecraft:weighted_state_provider",
			  "entries": [
				{
				  "weight": 8,
				  "data": {
					"Name": "minecraft:wither_rose"
				  }
				},
				{
				  "weight": 4,
				  "data": {
					"Name": "minecraft:stone_brick_wall",
					"Properties": {
					  "east": "none",
					  "north": "none",
					  "south": "none",
					  "up": "true",
					  "waterlogged": "false",
					  "west": "none"
					}
				  }
				},
				{
				  "weight": 4,
				  "data": {
					"Name": "minecraft:mossy_stone_brick_wall",
					"Properties": {
					  "east": "none",
					  "north": "none",
					  "south": "none",
					  "up": "true",
					  "waterlogged": "false",
					  "west": "none"
					}
				  }
				},
				{
				  "weight": 4,
				  "data": {
					"Name": "minecraft:mossy_cobblestone_wall",
					"Properties": {
					  "east": "none",
					  "north": "none",
					  "south": "none",
					  "up": "true",
					  "waterlogged": "false",
					  "west": "none"
					}
				  }
				},
				{
				  "weight": 3,
				  "data": {
					"Name": "minecraft:polished_blackstone_wall",
					"Properties": {
					  "east": "none",
					  "north": "none",
					  "south": "none",
					  "up": "true",
					  "waterlogged": "false",
					  "west": "none"
					}
				  }
				},
				{
				  "weight": 3,
				  "data": {
					"Name": "minecraft:polished_blackstone_brick_wall",
					"Properties": {
					  "east": "none",
					  "north": "none",
					  "south": "none",
					  "up": "true",
					  "waterlogged": "false",
					  "west": "none"
					}
				  }
				},
				{
				  "weight": 1,
				  "data": {
					"Name": "minecraft:chiseled_stone_bricks"
				  }
				}
			  ]
			}
		  }
		},
		"placement": []
	  }
	}
  }
  