{
  "temperature": 1,
  "downfall": 0,
  "precipitation": "none",
  "category": "plains",
  "creature_spawn_probability": 0.2,
  "effects": {
    "sky_color": 6092031,
    "fog_color": 16108210,
    "water_color": 65518,
    "water_fog_color": 1398363,
    "grass_color": 9140515,
    "foliage_color": 9343005,
    "grass_color_modifier": "none"
  },
  "spawners": {
    "creature": [
      {
        "type": "minecraft:pig",
        "weight": 30,
        "minCount": 2,
        "maxCount": 3
      },
      {
        "type": "minecraft:cow",
        "weight": 5,
        "minCount": 1,
        "maxCount": 2
      },
      {
        "type": "minecraft:chicken",
        "weight": 15,
        "minCount": 2,
        "maxCount": 5
      },
      {
        "type": "minecraft:sheep",
        "weight": 10,
        "minCount": 1,
        "maxCount": 3
      },
      {
        "type": "minecraft:rabbit",
        "weight": 15,
        "minCount": 1,
        "maxCount": 2
      }
    ],
    "monster": [
      {
        "type": "minecraft:creeper",
        "weight": 10,
        "minCount": 0,
        "maxCount": 2
      },
      {
        "type": "minecraft:skeleton",
        "weight": 20,
        "minCount": 1,
        "maxCount": 2
      },
      {
        "type": "minecraft:spider",
        "weight": 30,
        "minCount": 2,
        "maxCount": 3
      },
      {
        "type": "minecraft:silverfish",
        "weight": 5,
        "minCount": 1,
        "maxCount": 1
      },
      {
        "type": "minecraft:zombie",
        "weight": 10,
        "minCount": 2,
        "maxCount": 5
      },
      {
        "type": "minecraft:slime",
        "weight": 5,
        "minCount": 1,
        "maxCount": 2
      }
    ]
  },
  "spawn_costs": {},
  "carvers": {
    "air": [
      "minecraft:cave"
    ]
  },
  "features": [
    [],
    [],
    [
      "nitdim:primordial_desert/dungeon_upper"
    ],
    [],
    [],
    [],
    [
      "nitdim:primordial_desert/ore_tuff",
      "nitdim:primordial_desert/ore_calcite",
      "minecraft:ore_dirt",
      "minecraft:ore_gravel",
      "nitdim:ore_andesite",
      "nitdim:ore_diorite",
      "nitdim:ore_granite",
      "nitdim:primordial_desert/ore_coal_oasis",
      "nitdim:primordial_desert/ore_diamond_lower",
      "nitdim:primordial_desert/ore_gold_buried",
      "nitdim:primordial_desert/ore_iron",
      "nitdim:primordial_desert/ore_lapis",
      "nitdim:primordial_desert/ore_redstone_upper",
      "nitdim:primordial_desert/ore_redstone_lower",
      "nitdim:primordial_desert/ore_emerald"
    ],
    [],
    [
      "nitdim:spring_water_heavy",
      "nitdim:primordial_desert/lakes_oasis"
    ],
    [
      "nitdim:primordial_desert/oasis_vegetation",
      "nitdim:primordial_desert/patch_grass",
      "nitdim:primordial_desert/patch_sugarcane",
      "nitdim:primordial_desert/patch_lilypad"
    ],
    []
  ]
}
