{
    "Prepared Ship Hull": {
        "id": "oak_boat",
        "cmd": 8602000
    },
    "Fishing Dinghy": {
        "id": "spyglass",
        "cmd": 8602001
    },
    "Clearview Spyglass": {
        "id": "spyglass",
        "cmd": 8602002
    },
    "Mining Drill Rig": {
        "id": "prismarine_shard",
        "cmd": 8602003
    },
    "Blunt Artifact": {
        "id": "brick",
        "cmd": 8602004
    },
    "Shiny Artifact": {
        "id": "amethyst_shard",
        "cmd": 8602005
    },
    "Key of the Creeper": {
        "id": "blaze_rod",
        "cmd": 8602006
    },
    "Key of the Hoglin": {
        "id": "blaze_rod",
        "cmd": 8602007
    },
    "Key of the Spider": {
        "id": "blaze_rod",
        "cmd": 8602008
    },
    "Steel Heart": {
        "id": "emerald",
        "cmd": 8602009
    },
    "Whirlwind Jewel": {
        "id": "diamond",
        "cmd": 8602010
    },
    "Protection Stone": {
        "id": "amethyst_shard",
        "cmd": 8602011
    },
    "Ship Planner": {
        "id": "crafting_table",
        "cmd": 8602012
    },
    "Shaft Planner": {
        "id": "crafting_table",
        "cmd": 8602013
    }
}