{
  "display": {
    "icon": {
      "item": "minecraft:gunpowder"
    },
    "title": "Uncover Hoglin Cache",
    "description": "Kill a Hoglin near a hoglin snout in the Primordial Desert",
    "frame": "task",
    "show_toast": false,
    "announce_to_chat": false,
    "hidden": true
  },
  "parent": "nitk:nitk/root",
  "criteria": {
    "p_k_e-creeper": {
      "trigger": "minecraft:player_killed_entity",
      "conditions": {
        "entity": {
          "type": "minecraft:hoglin",
          "location": {
            "feature": "village",
            "dimension": "nitdim:primordial_desert"
          }
        }
      }
    }
  },
  "rewards": {
    "function": "nitdim:nazca/hoglin_cache"
  }
}