{
  "temperature": 1,
  "downfall": 0,
  "has_precipitation": false,
  "category": "beach",
  "creature_spawn_probability": 0.2,
  "effects": {
    "sky_color": 8905458,
    "fog_color": 11780827,
    "water_color": 9040100,
    "water_fog_color": 329011,
    "grass_color": 7331029,
    "foliage_color": 5097407,
    "grass_color_modifier": "none",
    "particle": {
      "options": {
        "type": "minecraft:end_rod"
      },
      "probability": 0.01
    }
  },
  "spawners": {
    "creature": [
      {
        "type": "minecraft:turtle",
        "weight": 5,
        "minCount": 2,
        "maxCount": 5
      },
      {
        "type": "minecraft:sheep",
        "weight": 10,
        "minCount": 1,
        "maxCount": 3
      }
    ]
  },
  "spawn_costs": {},
  "carvers": {},
  "features": [
    [
      "nitdim:in_between/delta_water"
    ],
    [],
    [
      "nitdim:delta_grass",
      "minecraft:forest_rock"
    ],
    [],
    [],
    [],
    [],
    [],
    [
      "minecraft:spring_water"
    ],
    [],
    []
  ]
}
