{
  "parent": "nitco:nitco/ach5.1",
  "display": {
    "icon": {
      "item": "minecraft:chiseled_stone_bricks"
    },
    "title": "A Startling Foe",
    "description": "Build or discover a Mysterious Portal and fend off those who emerge.",
    "frame": "task",
	"background": "minecraft:textures/block/oak_planks.png",
    "show_toast": true,
    "announce_to_chat": true,
    "hidden": true
  },
  "rewards": {
    "function": "nitk:siteplanner/illager_attack",
    "experience": 100
  },
  "criteria": {
    "build-between-portal": {
      "trigger": "minecraft:impossible"
    }
  }
}