{
  "type": "minecraft:command",
  "pools": [
    {
      "rolls": 1,
      "entries": [
        {
          "type": "minecraft:item",
          "name": "minecraft:spyglass",
          "functions": [
            {
              "function": "minecraft:set_nbt",
              "tag": "{nitsea_clearviewSpyglass:1b,HideFlags:1,display:{Lore:['{\"text\":\"The holder is immune\",\"color\":\"gray\",\"italic\":false}','{\"text\":\"to all effects, negative\",\"color\":\"gray\",\"italic\":false}','{\"text\":\"and positive\",\"color\":\"gray\",\"italic\":false}'],Name:'{\"text\":\"Clearview Spylgass\",\"color\":\"dark_purple\",\"italic\":false}'},Enchantments:[{id:\"minecraft:protection\",lvl:0}]}"
            }
          ]
        }
      ]
    }
  ]
}
