{
  "type": "minecraft:command",
  "pools": [
    {
      "rolls": 1,
      "entries": [
        {
          "type": "minecraft:item",
          "name": "minecraft:spyglass",
          "functions": [
            {
              "function": "minecraft:set_nbt",
              "tag": "{nitsea_fishingDinghy:1b,HideFlags:1,display:{Lore:['{\"text\":\"Use in water to collect\",\"color\":\"gray\",\"italic\":false}','{\"text\":\"biome-specific resources\",\"color\":\"gray\",\"italic\":false}','{\"text\":\"in the Buried Ocean\",\"color\":\"gray\",\"italic\":false}'],Name:'{\"text\":\"Fishing Dinghy\",\"color\":\"dark_aqua\",\"italic\":false}'},Enchantments:[{id:\"minecraft:protection\",lvl:0}]}"
            }
          ]
        }
      ]
    }
  ]
}
