{
  "type": "minecraft:command",
  "pools": [
    {
      "rolls": 1,
      "entries": [
        {
          "type": "minecraft:item",
          "name": "minecraft:emerald",
          "functions": [
            {
              "function": "minecraft:set_nbt",
              "tag": "{nitex_gem:3b,HideFlags:2,display:{Lore:['{\"text\":\"A gemstone to elevate\",\"color\":\"gray\",\"italic\":false}','{\"text\":\"warriors\\' hearts.\",\"color\":\"gray\",\"italic\":false}'],Name:'{\"text\":\"Steel Heart\",\"color\":\"green\",\"italic\":false}'},AttributeModifiers:[{Amount:5,Operation:1,UUID:[I;1072052760,1063596213,1000513819,1146215861],AttributeName:\"generic.armor\",Name:\"generic.armor\"},{Amount:5,Operation:1,UUID:[I;1072052760,1063596213,1000513819,1146215861],AttributeName:\"generic.armor_toughness\",Name:\"generic.armor_toughness\"},{Amount:2,Operation:0,UUID:[I;1072052760,1063596213,1000513819,1146215861],AttributeName:\"generic.attack_damage\",Name:\"generic.attack_damage\"}]}"
            }
          ]
        }
      ]
    }
  ]
}
