{
  "type": "minecraft:command",
  "pools": [
    {
      "rolls": 1,
      "entries": [
        {
          "type": "minecraft:item",
          "name": "minecraft:amethyst_shard",
          "functions": [
            {
              "function": "minecraft:set_nbt",
              "tag": "{nitex_gem:1b,HideFlags:2,display:{Lore:['{\"text\":\"When held, brings good fortune.\",\"color\":\"gray\",\"italic\":false}','{\"text\":\"Helpful for standing your ground.\",\"color\":\"gray\",\"italic\":false}'],Name:'{\"text\":\"Protection Stone\",\"color\":\"light_purple\",\"italic\":false}'},AttributeModifiers:[{Amount:20,Operation:1,UUID:[I;1026684448,1073006491,1074543806,1229467740],Name:\"generic.knockback_resistance\",AttributeName:\"generic.knockback_resistance\"},{Amount:20,Operation:1,UUID:[I;1026684448,1073006491,1074543806,1229467740],Name:\"generic.luck\",AttributeName:\"generic.luck\"}]}"
            }
          ]
        }
      ]
    }
  ]
}
