{
  "temperature": 1,
  "downfall": 0,
  "precipitation": "none",
  "creature_spawn_probability": 0.2,
  "effects": {
    "sky_color": 5615345,
    "fog_color": 11104685,
    "water_color": 13843639,
    "water_fog_color": 5834811,
    "grass_color": 2064178,
    "foliage_color": 2184235,
    "grass_color_modifier": "none",
    "particle": {
      "options": {
        "type": "minecraft:end_rod"
      },
      "probability": 0.003
    }
  },
  "spawners": {
    "creature": [],
    "monster": [
      {
        "type": "minecraft:creeper",
        "weight": 50,
        "minCount": 0,
        "maxCount": 2
      },
      {
        "type": "minecraft:skeleton",
        "weight": 15,
        "minCount": 1,
        "maxCount": 2
      },
      {
        "type": "minecraft:spider",
        "weight": 10,
        "minCount": 2,
        "maxCount": 3
      },
      {
        "type": "minecraft:silverfish",
        "weight": 5,
        "minCount": 1,
        "maxCount": 1
      },
      {
        "type": "minecraft:zombie",
        "weight": 10,
        "minCount": 2,
        "maxCount": 5
      },
      {
        "type": "minecraft:slime",
        "weight": 5,
        "minCount": 1,
        "maxCount": 2
      },
      {
        "type": "minecraft:endermite",
        "weight": 25,
        "minCount": 1,
        "maxCount": 3
      }
    ]
  },
  "spawn_costs": {},
  "carvers": {
    "air": "nitdim:volcanic_canyon"
  },
  "features": [
    [],
    [
      "nitdim:primordial_desert/root_crystal_caves"
    ],
    [],
    [
      "nitdim:dungeons_heavy"
    ],
    [],
    [],
    [
      "nitdim:ore_infested",
      "nitdim:primordial_desert/ore_tuff",
      "nitdim:primordial_desert/netherrack_geode",
      "nitdim:ore_andesite",
      "nitdim:ore_diorite",
      "nitdim:primordial_desert/ore_coal",
      "nitdim:primordial_desert/ore_copper",
      "nitdim:primordial_desert/ore_diamond_upper",
      "nitdim:primordial_desert/ore_diamond_lower",
      "nitdim:primordial_desert/ore_gold",
      "nitdim:primordial_desert/ore_iron_buried",
      "nitdim:primordial_desert/ore_lapis",
      "nitdim:primordial_desert/ore_redstone_lower",
      "nitdim:primordial_desert/ore_emerald"
    ],
    [],
    [
      "nitdim:primordial_desert/crystal_caves_decoration",
      "nitdim:primordial_desert/crystal_caves_ceiling_decoration",
      "nitdim:primordial_desert/crystal_tree"
    ],
    [],
    []
  ]
}
