{
  "type": "minecraft:delta_feature",
  "config": {
    "contents": {
      "Name": "minecraft:sculk_vein",
      "Properties": {
        "east": "false",
        "west": "false",
        "north": "false",
        "south": "false",
        "up": "false",
        "down": "true"
      }
    },
    "rim": {
      "Name": "minecraft:soul_sand"
    },
    "size": {
      "type": "minecraft:uniform",
      "value": {
        "min_inclusive": 3,
        "max_inclusive": 6
      }
    },
    "rim_size": {
      "type": "minecraft:uniform",
      "value": {
        "min_inclusive": 1,
        "max_inclusive": 3
      }
    }
  }
}
