{
  "type": "minecraft:random_patch",
  "config": {
    "tries": 64,
    "xz_spread": 7,
    "y_spread": 3,
    "feature": {
      "feature": {
        "type": "minecraft:simple_block",
        "config": {
          "to_place": {
            "type": "minecraft:weighted_state_provider",
            "entries": [
              {
                "weight": 15,
                "data": {
                  "Name": "minecraft:grass"
                }
              },
              {
                "weight": 1,
                "data": {
                  "Name": "minecraft:lily_of_the_valley"
                }
              }
            ]
          }
        }
      },
      "placement": [
        {
          "type": "minecraft:block_predicate_filter",
          "predicate": {
            "type": "minecraft:matching_blocks",
            "offset": [
              0,
              -1,
              0
            ],
            "blocks": [
              "minecraft:grass_block"
            ]
          }
        }
      ]
    }
  }
}
