{
  "type": "minecraft:chest",
  "pools": [
    {
      "rolls": 1,
      "entries": [
        {
          "type": "minecraft:loot_table",
          "weight": 4,
          "name": "nitdim:items/books/town_book_1"
        },
        {
          "type": "minecraft:loot_table",
          "weight": 5,
          "name": "nitdim:items/books/town_book_2"
        },
        {
          "type": "minecraft:loot_table",
          "weight": 6,
          "name": "nitdim:items/books/town_book_3"
        },
        {
          "type": "minecraft:loot_table",
          "weight": 3,
          "name": "nitdim:items/books/town_book_4"
        },
        {
          "type": "minecraft:loot_table",
          "weight": 2,
          "name": "nitdim:items/books/town_book_5"
        },
        {
          "type": "minecraft:loot_table",
          "weight": 2,
          "name": "nitdim:items/books/town_book_6"
        },
        {
          "type": "minecraft:loot_table",
          "weight": 1,
          "name": "nitdim:items/books/town_book_7"
        }
      ]
    },
    {
      "rolls": {
        "type": "minecraft:uniform",
        "min": 5,
        "max": 10
      },
      "bonus_rolls": {
        "type": "minecraft:uniform",
        "min": 2,
        "max": 5
      },
      "entries": [
        {
          "type": "minecraft:item",
          "weight": 9,
          "name": "minecraft:stone",
          "functions": [
            {
              "function": "minecraft:set_count",
              "count": {
                "type": "minecraft:uniform",
                "min": 1,
                "max": 12
              }
            }
          ]
        },
        {
          "type": "minecraft:item",
          "weight": 12,
          "name": "minecraft:oak_log",
          "functions": [
            {
              "function": "minecraft:set_count",
              "count": {
                "type": "minecraft:uniform",
                "min": 1,
                "max": 12
              }
            }
          ]
        },
        {
          "type": "minecraft:item",
          "weight": 4,
          "name": "minecraft:gold_ingot",
          "functions": [
            {
              "function": "minecraft:set_count",
              "count": {
                "type": "minecraft:uniform",
                "min": 1,
                "max": 6
              }
            }
          ]
        },
        {
          "type": "minecraft:item",
          "weight": 1,
          "name": "minecraft:paper",
          "functions": [
            {
              "function": "minecraft:set_count",
              "count": 1
            },
            {
              "function": "minecraft:set_nbt",
              "tag": "{HideFlags:1,display:{Lore:['{\"text\":\"The final ingredient\"}','{\"text\":\"in new town structures.\"}'],Name:'{\"text\":\"Building Permit\"}'},Enchantments:[{lvl:0,id:\"minecraft:protection\"}]}"
            }
          ]
        }
      ]
    }
  ]
}