{
  "type": "minecraft:command",
  "pools": [
    {
      "rolls": 1,
      "entries": [
        {
          "type": "minecraft:item",
          "name": "minecraft:written_book",
          "functions": [
            {
              "function": "minecraft:set_nbt",
              "tag": "{nitdim_bookTown:7b,generation:3,pages:['{\"extra\":[{\"underlined\":true,\"text\":\"Rainsuary 4th\"},{\"text\":\"\\\\nThe plan is set. I will go with Rexial to the land we have come to call the Primordial Desert. The hog creatures there are fierce, but scouts that brought back the more civilized pigs for trade discovered that they quickly succumbed to undeath.\"}],\"text\":\"\"}', '{\"text\":\"If we can learn the nature of this transformation, perhaps we can harness it and live, ourselves, in undeath.\\\\nRaiden will take a team of scientists to that dark and murky place, the Buried Ocean. Some others hope to follow and seek out treasures in its\"}', '{\"text\":\"waters, but chiefly, the wizards and witches aim to understand the nature of zombie-ism altogether. Even in a world untouched by life, how can there be death? Raiden\\'s research may help us in the transformation Rexial seeks to utilize.\\\\nRegalli, meanwhile, has volunteered to return\"}', '{\"text\":\"home. To warn the others. If the Tyrant can come to the In Between, it can come to the Tempest. He will build upon our research in the other dimensions from there, in our shared quest. We will kill the Tyrant, and more than that, we will never be killed again.\"}'],author:\"Unknown\",title: \"Settler's Journal #7\",resolved:1b}"
            }
          ]
        }
      ]
    }
  ]
}
