{
  "type": "minecraft:ore",
  "config": {
    "size": 21,
    "discard_chance_on_air_exposure": 0,
    "targets": [
      {
        "target": {
          "predicate_type": "minecraft:tag_match",
          "tag": "minecraft:deepslate_ore_replaceables"
        },
        "state": {
          "Name": "minecraft:infested_deepslate",
          "Properties": {
            "axis": "y"
          }
        }
      },
      {
        "target": {
          "predicate_type": "minecraft:tag_match",
          "tag": "minecraft:stone_ore_replaceables"
        },
        "state": {
          "Name": "minecraft:infested_stone"
        }
      }
    ]
  }
}
