{
  "type": "minecraft:command",
  "pools": [
    {
      "rolls": 1,
      "entries": [
        {
          "type": "minecraft:item",
          "name": "minecraft:prismarine_shard",
          "functions": [
            {
              "function": "minecraft:set_nbt",
              "tag": "{CustomModelData:8602003,nitex_drillRig:1b,HideFlags:1,display:{Lore:['{\"text\":\"A masterfully crafted\",\"color\":\"gray\",\"italic\":false}','{\"text\":\"mining drill.\",\"color\":\"gray\",\"italic\":false}'],Name:'{\"text\":\"Mining Drill Rig\",\"color\":\"gold\",\"italic\":false}'},Enchantments:[{id:\"minecraft:protection\",lvl:0}]}"
            }
          ]
        }
      ]
    }
  ]
}
