{
  "type": "minecraft:tree",
  "config": {
    "ignore_vines": true,
    "force_dirt": true,
    "minimum_size": {
      "type": "minecraft:two_layers_feature_size",
      "min_clipped_height": 7,
      "limit": 15,
      "lower_size": 7,
      "upper_size": 15
    },
    "dirt_provider": {
      "type": "minecraft:simple_state_provider",
      "state": {
        "Name": "minecraft:dirt"
      }
    },
    "trunk_provider": {
      "type": "minecraft:simple_state_provider",
      "state": {
        "Name": "minecraft:mushroom_stem",
        "Properties": {
          "down": "false",
          "east": "true",
          "north": "true",
          "south": "true",
          "up": "false",
          "west": "true"
        }
      }
    },
    "foliage_provider": {
      "type": "minecraft:weighted_state_provider",
      "entries": [
        {
          "weight": 1,
          "data": {
            "Name": "minecraft:shroomlight"
          }
        },
        {
          "weight": 15,
          "data": {
            "Name": "minecraft:red_mushroom_block",
            "Properties": {
              "down": "false",
              "east": "true",
              "north": "true",
              "south": "true",
              "up": "true",
              "west": "true"
            }
          }
        }
      ]
    },
    "trunk_placer": {
      "type": "minecraft:straight_trunk_placer",
      "base_height": 5,
      "height_rand_a": 1,
      "height_rand_b": 8
    },
    "foliage_placer": {
      "type": "minecraft:spruce_foliage_placer",
      "radius": 3,
      "offset": 2,
      "trunk_height": {
        "type": "minecraft:uniform",
        "value": {
          "min_inclusive": 1,
          "max_inclusive": 4
        }
      }
    },
    "decorators": []
  }
}
