{
  "temperature": 1,
  "downfall": 0,
  "precipitation": "none",
  "category": "desert",
  "creature_spawn_probability": 0.2,
  "effects": {
    "sky_color": 6092031,
    "fog_color": 16108210,
    "water_color": 65518,
    "water_fog_color": 1398363,
    "grass_color": 9140515,
    "foliage_color": 9343005,
    "grass_color_modifier": "none"
  },
  "spawners": {
    "creature": [
      {
        "type": "minecraft:rabbit",
        "weight": 15,
        "minCount": 4,
        "maxCount": 6
      }
    ],
    "monster": [
      {
        "type": "minecraft:husk",
        "weight": 50,
        "minCount": 1,
        "maxCount": 4
      },
      {
        "type": "minecraft:creeper",
        "weight": 30,
        "minCount": 0,
        "maxCount": 2
      },
      {
        "type": "minecraft:skeleton",
        "weight": 30,
        "minCount": 1,
        "maxCount": 2
      },
      {
        "type": "minecraft:spider",
        "weight": 20,
        "minCount": 2,
        "maxCount": 3
      },
      {
        "type": "minecraft:hoglin",
        "weight": 10,
        "minCount": 1,
        "maxCount": 1
      },
      {
        "type": "minecraft:silverfish",
        "weight": 5,
        "minCount": 1,
        "maxCount": 1
      },
      {
        "type": "minecraft:zombie",
        "weight": 15,
        "minCount": 2,
        "maxCount": 5
      },
      {
        "type": "minecraft:slime",
        "weight": 5,
        "minCount": 1,
        "maxCount": 2
      }
    ]
  },
  "spawn_costs": {},
  "carvers": {
    "air": [
      "minecraft:cave",
      "nitdim:crack",
      "nitdim:heavy_canyon"
    ]
  },
  "features": [
    [],
    [
      "minecraft:lake_lava_underground"
    ],
    [],
    [
      "nitdim:dungeons_heavy",
      "nitdim:primordial_desert/dungeon_upper"
    ],
    [],
    [],
    [
      "nitdim:ore_infested",
      "nitdim:primordial_desert/ore_tuff",
      "nitdim:primordial_desert/ore_calcite",
      "nitdim:primordial_desert/netherrack_geode",
      "minecraft:ore_dirt",
      "minecraft:ore_gravel",
      "nitdim:ore_andesite",
      "nitdim:ore_diorite",
      "nitdim:ore_granite",
      "nitdim:primordial_desert/ore_coal",
      "nitdim:primordial_desert/ore_copper",
      "nitdim:primordial_desert/ore_diamond_lower",
      "nitdim:primordial_desert/ore_gold_double",
      "nitdim:primordial_desert/ore_gold_buried",
      "nitdim:primordial_desert/ore_iron_buried",
      "nitdim:primordial_desert/ore_redstone_lower"
    ],
    [],
    [],
    [
      "minecraft:patch_cactus_desert",
      "minecraft:patch_dead_bush_2",
      "nitdim:primordial_desert/petrified_cactus",
      "nitdim:primordial_desert/petrified_wood"
    ],
    []
  ]
}
