{
  "parent": "nitdim:nitdim/root",
  "display": {
    "icon": {
      "item": "minecraft:chiseled_nether_bricks"
    },
    "title": "Forgotten Invaders",
    "description": "Find evidence of the Tyrant's past visit to the In Between.",
    "frame": "task",
	"background": "minecraft:textures/block/oak_planks.png",
    "show_toast": true,
    "announce_to_chat": true,
    "hidden": true
  },
  "rewards": {
    "experience": 100
  },
  "criteria": {
    "location": {
      "trigger": "minecraft:location",
      "conditions": {
        "player": [
          {
            "condition": "minecraft:entity_properties",
            "entity": "this",
            "predicate": {
              "location": {
                "structure": "nitdim:in_between/war_machine"
              }
            }
          }
        ]
      }
    }
  }
}