{
  "parent": "nitdim:tech/to_between",
  "display": {
    "icon": {
      "item": "minecraft:end_portal_frame"
    },
    "title": "Portal from In Between",
    "description": "Step into a mysterious portal from the In Between.",
    "frame": "task",
	"background": "minecraft:textures/block/crying_obsidian.png",
    "show_toast": false,
    "announce_to_chat": false,
    "hidden": true
  },
  "criteria": {
    "enter-portal": {
      "trigger": "minecraft:location",
      "conditions": {
        "player": [
          {
            "condition": "minecraft:entity_properties",
            "entity": "this",
            "predicate": {
              "location": {
                "dimension": "nitdim:in_between",
                "fluid": {
                  "fluid": "minecraft:flowing_water"
                }
              }
            }
          }
        ]
      }
    }
  },
  "rewards": {
    "function": "nitdim:portals/from_between"
  }
}