{
  "feature": "nitdim:buried_ocean/mystic_tree",
  "placement": [
    {
      "type": "minecraft:count",
      "count": 4
    },
    {
      "type": "minecraft:count_on_every_layer",
      "count": 48
    },
    {
      "type": "minecraft:block_predicate_filter",
      "predicate": {
        "type": "minecraft:all_of",
        "predicates": [
          {
            "type": "minecraft:matching_blocks",
            "offset": [
              0,
              -1,
              0
            ],
            "blocks": [
              "minecraft:grass_block"
            ]
          },
          {
            "type": "minecraft:not",
            "predicate": {
              "type": "minecraft:matching_blocks",
              "blocks": "minecraft:water"
            }
          }
        ]
      }
    },
    {
      "type": "minecraft:biome"
    }
  ]
}
