{
  "temperature": 1,
  "downfall": 0,
  "has_precipitation": false,
  "temperature_modifier": "none",
  "category": "forest",
  "creature_spawn_probability": 0.2,
  "effects": {
    "sky_color": 8905458,
    "fog_color": 11780827,
    "water_color": 9040100,
    "water_fog_color": 329011,
    "grass_color": 7331029,
    "foliage_color": 5097407,
    "grass_color_modifier": "none",
    "particle": {
      "options": {
        "type": "minecraft:happy_villager"
      },
      "probability": 0.01
    }
  },
  "spawners": {
    "creature": [
      {
        "type": "minecraft:llama",
        "weight": 50,
        "minCount": 1,
        "maxCount": 4
      },
      {
        "type": "minecraft:sheep",
        "weight": 70,
        "minCount": 1,
        "maxCount": 3
      }
    ],
    "monster": []
  },
  "spawn_costs": {
    "minecraft:llama": {
      "energy_budget": 0.2,
      "charge": 1
    },
    "minecraft:sheep": {
      "energy_budget": 0.2,
      "charge": 1
    },
    "minecraft:pillager": {
      "energy_budget": 0.75,
      "charge": 0.1
    }
  },
  "carvers": {},
  "features": [
    [],
    [],
    [
      "nitdim:in_between/delta_water"
    ],
    [],
    [],
    [],
    [],
    [],
    [],
    [
      "nitdim:forest_fancy",
      "minecraft:patch_grass_plain",
      "nitdim:in_between/flowers"
    ],
    []
  ]
}
