{
  "display": {
    "icon": {
      "item": "minecraft:end_portal_frame"
    },
    "title": "Portal to In Between",
    "description": "Step into a mysterious portal to the In Between.",
    "background": "minecraft:textures/block/crying_obsidian.png",
    "frame": "task",
    "show_toast": false,
    "announce_to_chat": false,
    "hidden": true
  },
  "criteria": {
    "enter-portal": {
      "trigger": "minecraft:location",
      "conditions": {
        "player": [
          {
            "condition": "minecraft:entity_properties",
            "entity": "this",
            "predicate": {
              "location": {
                "fluid": {
                  "fluid": "minecraft:flowing_water"
                }
              }
            }
          },
          {
            "condition": "minecraft:reference",
            "name": "nitdim:not_between"
          }
        ]
      }
    }
  },
  "rewards": {
    "function": "nitdim:portals/to_between"
  }
}
