{
  "parent": "nitdim:tech/to_between",
  "display": {
    "icon": {
      "item": "minecraft:chiseled_sandstone"
    },
    "title": "Pharaoh Tomb Opening",
    "description": "Activate the Key Hole with the Creeper Key item.",
    "frame": "task",
    "show_toast": false,
    "announce_to_chat": false,
    "hidden": true
  },
  "rewards": {
    "function": "nitdim:nazca/tomb_open"
  },
  "criteria": {
    "open-dropper": {
      "trigger": "minecraft:item_used_on_block",
      "conditions": {
        "item": {
          "item": "minecraft:blaze_rod",
		  "count": 1,
          "nbt": "{HideFlags:1,display:{Lore:['{\"text\":\"A blazing key\"}','{\"text\":\"to a lost tomb.\"}'],Name:'{\"text\":\"Key of the Creeper\"}'},Enchantments:[{lvl:0,id:\"minecraft:protection\"}]}"
        },
        "location": {
          "block": {
            "block": "dispenser"
          }
        }
      }
    }
  }
}