{
  "type": "minecraft:tree",
  "config": {
    "ignore_vines": true,
    "force_dirt": false,
    "minimum_size": {
      "type": "minecraft:two_layers_feature_size",
      "min_clipped_height": 4,
      "limit": 6,
      "lower_size": 2,
      "upper_size": 6
    },
    "dirt_provider": {
      "type": "minecraft:simple_state_provider",
      "state": {
        "Name": "minecraft:smooth_basalt"
      }
    },
    "trunk_provider": {
      "type": "minecraft:simple_state_provider",
      "state": {
        "Name": "minecraft:basalt",
        "Properties": {
          "axis": "y"
        }
      }
    },
    "foliage_provider": {
      "type": "minecraft:simple_state_provider",
      "state": {
        "Name": "minecraft:fire_coral_block"
      }
    },
    "trunk_placer": {
      "type": "minecraft:bending_trunk_placer",
      "base_height": 1,
      "height_rand_a": 2,
      "height_rand_b": 5,
      "bend_length": {
        "type": "minecraft:uniform",
        "value": {
          "min_inclusive": 2,
          "max_inclusive": 4
        }
      },
      "min_height_for_leaves": 2
    },
    "foliage_placer": {
      "type": "minecraft:spruce_foliage_placer",
      "radius": {
        "type": "minecraft:uniform",
        "value": {
          "min_inclusive": 2,
          "max_inclusive": 3
        }
      },
      "offset": 0,
      "trunk_height": 1
    },
    "decorators": []
  }
}
