{
  "type": "minecraft:random_patch",
  "config": {
    "tries": 64,
    "xz_spread": 7,
    "y_spread": 3,
    "feature": {
      "feature": {
        "type": "minecraft:simple_block",
        "config": {
          "to_place": {
            "type": "minecraft:weighted_state_provider",
            "entries": [
              {
                "weight": 1,
                "data": {
                  "Name": "minecraft:fire_coral",
                  "Properties": {
                    "waterlogged": "true"
                  }
                }
              },
              {
                "weight": 1,
                "data": {
                  "Name": "minecraft:fire_coral_fan",
                  "Properties": {
                    "waterlogged": "true"
                  }
                }
              }
            ]
          }
        }
      },
      "placement": [
        {
          "type": "minecraft:block_predicate_filter",
          "predicate": {
            "type": "minecraft:all_of",
            "predicates": [
              {
                "type": "minecraft:matching_blocks",
                "blocks": [
                  "minecraft:water"
                ]
              },
              {
                "type": "minecraft:not",
                "predicate": {
                  "type": "minecraft:matching_blocks",
                  "offset": [
                    0,
                    -1,
                    0
                  ],
                  "blocks": [
                    "minecraft:water",
                    "minecraft:bubble_column"
                  ]
                }
              }
            ]
          }
        }
      ]
    }
  }
}
