{
  "type": "minecraft:tree",
  "config": {
    "ignore_vines": true,
    "force_dirt": true,
    "minimum_size": {
      "type": "minecraft:two_layers_feature_size",
      "min_clipped_height": 10,
      "limit": 15,
      "lower_size": 10,
      "upper_size": 15
    },
    "dirt_provider": {
      "type": "minecraft:simple_state_provider",
      "state": {
        "Name": "minecraft:dirt"
      }
    },
    "trunk_provider": {
      "type": "minecraft:simple_state_provider",
      "state": {
        "Name": "minecraft:oak_log",
        "Properties": {
          "axis": "y"
        }
      }
    },
    "foliage_provider": {
      "type": "minecraft:simple_state_provider",
      "state": {
        "Name": "minecraft:oak_leaves"
      }
    },
    "trunk_placer": {
      "type": "minecraft:fancy_trunk_placer",
      "base_height": 6,
      "height_rand_a": 8,
      "height_rand_b": 10
    },
    "foliage_placer": {
      "type": "minecraft:fancy_foliage_placer",
      "radius": 4,
      "offset": 2,
      "height": 3
    },
    "decorators": [
      {
        "type": "minecraft:leave_vine",
        "probability": 0.25
      }
    ]
  }
}
