{
  "feature": {
    "type": "minecraft:random_selector",
    "config": {
      "features": [
        {
          "chance": 0.2,
          "feature": "nitdim:in_between/cherry_tree_large"
        },
        {
          "chance": 0.1,
          "feature": "nitdim:in_between/cherry_tree"
        }
      ],
      "default": "nitdim:in_between/cherry_tree_large"
    }
  },
  "placement": [
    {
      "type": "minecraft:count",
      "count": 10
    },
    {
      "type": "minecraft:in_square"
    },
    {
      "type": "minecraft:heightmap",
      "heightmap": "MOTION_BLOCKING_NO_LEAVES"
    },
    {
      "type": "minecraft:biome"
    }
  ]
}
