{
  "type": "minecraft:command",
  "pools": [
    {
      "rolls": 1,
      "entries": [
        {
          "type": "minecraft:item",
          "name": "minecraft:brick",
          "functions": [
            {
              "function": "minecraft:set_nbt",
              "tag": "{nitex_artifactBlunt:1b,HideFlags:1,display:{Lore:['{\"text\":\"A common artifact\",\"color\":\"gray\",\"italic\":false}','{\"text\":\"for research purposes.\",\"color\":\"gray\",\"italic\":false}'],Name:'{\"text\":\"Blunt Artifact\",\"color\":\"red\",\"italic\":false}'},Enchantments:[{id:\"minecraft:protection\",lvl:0}]}"
            }
          ]
        }
      ]
    }
  ]
}
