{
  "type": "minecraft:command",
  "pools": [
    {
      "rolls": 1,
      "entries": [
        {
          "type": "minecraft:item",
          "name": "minecraft:diamond",
          "functions": [
            {
              "function": "minecraft:set_nbt",
              "tag": "{nitex_gem:2b,HideFlags:2,display:{Lore:['{\"text\":\"A carved gem to accelerate\",\"color\":\"gray\",\"italic\":false}','{\"text\":\"the whirlwind of life.\",\"color\":\"gray\",\"italic\":false}'],Name:'{\"text\":\"Protection Stone\",\"color\":\"aqua\",\"italic\":false}'},AttributeModifiers:[{Amount:20,Operation:1,UUID:[I;1030333567,1057384694,1048976111,1509961718],Name:\"generic.flying_speed\",AttributeName:\"generic.flying_speed\"},{Amount:5,Operation:1,UUID:[I;1030333567,1057384694,1048976111,1509961718],Name:\"generic.attack_speed\",AttributeName:\"generic.attack_speed\"},{Amount:1,Operation:1,UUID:[I;1030333567,1057384694,1048976111,1509961718],Name:\"generic.movement_speed\",AttributeName:\"generic.movement_speed\"}]}"
            }
          ]
        }
      ]
    }
  ]
}
