{
  "type": "minecraft:random_selector",
  "config": {
    "features": [
      {
        "chance": 0.3,
        "feature": "nitdim:buried_ocean/block_column/obsidian"
      },
      {
        "chance": 0.1,
        "feature": "nitdim:buried_ocean/block_column/crying_obsidian"
      },
      {
        "chance": 0.4,
        "feature": "nitdim:buried_ocean/block_column/blackstone"
      },
      {
        "chance": 0.2,
        "feature": "nitdim:buried_ocean/block_column/coal_ore"
      },
      {
        "chance": 0.15,
        "feature": "nitdim:buried_ocean/block_column/iron_ore"
      },
      {
        "chance": 0.05,
        "feature": "nitdim:buried_ocean/block_column/gold_ore"
      },
      {
        "chance": 0.01,
        "feature": "nitdim:buried_ocean/block_column/diamond_ore"
      },
      {
        "chance": 0.1,
        "feature": "nitdim:buried_ocean/block_column/redstone_ore"
      },
      {
        "chance": 0.14,
        "feature": "nitdim:buried_ocean/block_column/lapis_ore"
      },
      {
        "chance": 0.1,
        "feature": "nitdim:buried_ocean/block_column/quartz_block"
      }
    ],
    "default": "nitdim:buried_ocean/block_column/blackstone"
  }
}
