{
  "type": "minecraft:chest",
  "pools": [
    {
      "rolls": {
        "type": "minecraft:uniform",
        "min": 15,
        "max": 24
      },
      "entries": [
        {
          "type": "minecraft:item",
          "weight": 1,
          "name": "minecraft:heart_of_the_sea"
        },
        {
          "type": "minecraft:item",
          "weight": 4,
          "name": "minecraft:diamond"
        },
        {
          "type": "minecraft:item",
          "weight": 9,
          "name": "minecraft:iron_ingot"
        },
        {
          "type": "minecraft:item",
          "weight": 8,
          "name": "minecraft:coal"
        },
        {
          "type": "minecraft:item",
          "weight": 10,
          "name": "minecraft:gold_ingot"
        },
        {
          "type": "minecraft:item",
          "weight": 9,
          "name": "minecraft:cooked_salmon"
        },
        {
          "type": "minecraft:item",
          "weight": 1,
          "name": "minecraft:nautilus_shell"
        },
        {
          "type": "minecraft:item",
          "weight": 6,
          "name": "minecraft:bucket"
        },
        {
          "type": "minecraft:item",
          "weight": 5,
          "name": "minecraft:book",
          "functions": [
            {
              "function": "minecraft:enchant_randomly",
              "enchantments": [
                "minecraft:depth_strider",
                "minecraft:protection",
                "minecraft:projectile_protection",
                "minecraft:feather_falling",
                "minecraft:respiration",
                "minecraft:aqua_affinity",
                "minecraft:thorns",
                "minecraft:depth_strider",
                "minecraft:frost_walker",
                "minecraft:binding_curse",
                "minecraft:smite",
                "minecraft:bane_of_arthropods",
                "minecraft:looting",
                "minecraft:efficiency",
                "minecraft:silk_touch",
                "minecraft:fortune",
                "minecraft:infinity",
                "minecraft:luck_of_the_sea",
                "minecraft:lure",
                "minecraft:loyalty",
                "minecraft:riptide",
                "minecraft:channeling",
                "minecraft:mending",
                "minecraft:vanishing_curse"
              ]
            }
          ]
        }
      ]
    }
  ]
}