{
  "feature": "nitdim:buried_ocean/block_column/blackstone",
  "placement": [
    {
      "type": "minecraft:count_on_every_layer",
      "count": 4
    },
    {
      "type": "minecraft:height_range",
      "height": {
        "type": "minecraft:uniform",
        "min_inclusive": {
          "above_bottom": 8
        },
        "max_inclusive": {
          "absolute": 40
        }
      }
    },
    {
      "type": "minecraft:in_square"
    },
    {
      "type": "minecraft:biome"
    }
  ]
}
