{
  "feature": "nitdim:buried_ocean/ore_gold_blackstone",
  "placement": [
    {
      "type": "minecraft:count",
      "count": 60
    },
    {
      "type": "minecraft:height_range",
      "height": {
        "type": "minecraft:uniform",
        "min_inclusive": {
          "above_bottom": 10
        },
        "max_inclusive": {
          "below_top": 20
        }
      }
    },
    {
      "type": "minecraft:in_square"
    },
    {
      "type": "minecraft:biome"
    }
  ]
}
