{
  "feature": "nitdim:buried_ocean/patch_fire_coral",
  "placement": [
    {
      "type": "minecraft:count_on_every_layer",
      "count": 18
    },
    {
      "type": "minecraft:block_predicate_filter",
      "predicate": {
        "type": "minecraft:all_of",
        "predicates": [
          {
            "type": "minecraft:matching_blocks",
            "blocks": [
              "minecraft:water"
            ]
          },
          {
            "type": "minecraft:not",
            "predicate": {
              "type": "minecraft:matching_blocks",
              "offset": [
                0,
                -1,
                0
              ],
              "blocks": [
                "minecraft:water",
                "minecraft:bubble_column"
              ]
            }
          }
        ]
      }
    },
    {
      "type": "minecraft:in_square"
    },
    {
      "type": "minecraft:biome"
    }
  ]
}
