{
  "feature": "nitdim:buried_ocean/seagrass",
  "placement": [
    {
      "type": "minecraft:count_on_every_layer",
      "count": 50
    },
    {
      "type": "minecraft:count",
      "count": 2
    },
    {
      "type": "minecraft:block_predicate_filter",
      "predicate": {
        "type": "minecraft:matching_block_tag",
        "offset": [
          0,
          -1,
          0
        ],
        "tag": "nitdim:buried_ocean_seafloor"
      }
    },
    {
      "type": "minecraft:in_square"
    },
    {
      "type": "minecraft:biome"
    }
  ]
}
