{
  "type": "minecraft:chest",
  "pools": [
    {
      "rolls": {
        "type": "minecraft:uniform",
        "min": 7,
        "max": 10
      },
      "entries": [
        {
          "type": "minecraft:item",
          "weight": 1,
          "name": "minecraft:nautilus_shell"
        },
        {
          "type": "minecraft:item",
          "weight": 15,
          "name": "minecraft:oak_log"
        },
        {
          "type": "minecraft:item",
          "weight": 11,
          "name": "minecraft:oak_planks"
        },
        {
          "type": "minecraft:item",
          "weight": 10,
          "name": "minecraft:string"
        },
        {
          "type": "minecraft:item",
          "weight": 7,
          "name": "minecraft:apple"
        },
        {
          "type": "minecraft:item",
          "weight": 4,
          "name": "minecraft:bucket"
        },
        {
          "type": "minecraft:item",
          "weight": 5,
          "name": "minecraft:cod"
        },
        {
          "type": "minecraft:item",
          "weight": 4,
          "name": "minecraft:salmon"
        },
        {
          "type": "minecraft:item",
          "weight": 6,
          "name": "minecraft:fishing_rod"
        },
        {
          "type": "minecraft:item",
          "weight": 3,
          "name": "minecraft:book",
          "functions": [
            {
              "function": "minecraft:enchant_randomly",
              "enchantments": [
                "minecraft:protection",
                "minecraft:projectile_protection",
                "minecraft:feather_falling",
                "minecraft:aqua_affinity",
                "minecraft:thorns",
                "minecraft:depth_strider",
                "minecraft:binding_curse",
                "minecraft:smite",
                "minecraft:bane_of_arthropods",
                "minecraft:efficiency",
                "minecraft:silk_touch",
                "minecraft:luck_of_the_sea",
                "minecraft:lure",
                "minecraft:vanishing_curse"
              ]
            }
          ]
        }
      ]
    }
  ]
}