{
  "feature": "nitdim:buried_ocean/block_piles_boiling",
  "placement": [
    {
      "type": "minecraft:count",
      "count": 8
    },
    {
      "type": "minecraft:block_predicate_filter",
      "predicate": {
        "type": "minecraft:matching_blocks",
        "offset": [
          0,
          1,
          0
        ],
        "blocks": [
          "minecraft:deepslate",
          "minecraft:blackstone",
          "minecraft:andesite",
          "minecraft:netherrack",
          "minecraft:stone",
          "minecraft:basalt",
          "minecraft:magma_block"
        ]
      }
    },
    {
      "type": "minecraft:height_range",
      "height": {
        "type": "minecraft:uniform",
        "min_inclusive": {
          "absolute": 100
        },
        "max_inclusive": {
          "absolute": 128
        }
      }
    },
    {
      "type": "minecraft:in_square"
    },
    {
      "type": "minecraft:biome"
    }
  ]
}
