{
  "temperature": 1,
  "downfall": 0,
  "has_precipitation": false,
  "category": "forest",
  "creature_spawn_probability": 0.2,
  "effects": {
    "sky_color": 0,
    "fog_color": 1573160,
    "water_color": 4194447,
    "water_fog_color": 2031693,
    "grass_color": 5181041,
    "foliage_color": 4195916,
    "grass_color_modifier": "none",
    "particle": {
      "options": {
        "type": "minecraft:portal"
      },
      "probability": 0.0035
    }
  },
  "spawners": {
    "creature": [],
    "monster": [
      {
        "type": "minecraft:endermite",
        "weight": 12,
        "minCount": 1,
        "maxCount": 4
      },
      {
        "type": "minecraft:enderman",
        "weight": 6,
        "minCount": 1,
        "maxCount": 4
      },
      {
        "type": "minecraft:drowned",
        "weight": 1,
        "minCount": 1,
        "maxCount": 2
      },
      {
        "type": "minecraft:slime",
        "weight": 3,
        "minCount": 3,
        "maxCount": 5
      }
    ],
    "underground_water_creature": [
      {
        "type": "minecraft:glow_squid",
        "weight": 12,
        "minCount": 2,
        "maxCount": 5
      }
    ],
    "water_creature": [
      {
        "type": "minecraft:squid",
        "weight": 5,
        "minCount": 1,
        "maxCount": 1
      },
      {
        "type": "minecraft:salmon",
        "weight": 7,
        "minCount": 2,
        "maxCount": 5
      },
      {
        "type": "minecraft:tropical_fish",
        "weight": 12,
        "minCount": 2,
        "maxCount": 5
      }
    ]
  },
  "spawn_costs": {},
  "carvers": {},
  "features": [
    [],
    [
      "nitdim:buried_ocean/stalactites_huge",
      "nitdim:buried_ocean/stalactites_common",
      "nitdim:buried_ocean/stalactites_super_common"
    ],
    [
      "minecraft:glowstone_extra",
      "nitdim:buried_ocean/replacer_dripstone",
      "nitdim:buried_ocean/ore_stone",
      "nitdim:buried_ocean/ore_andesite",
      "nitdim:buried_ocean/ore_deepslate"
    ],
    [
      "nitdim:buried_ocean/amethyst_geode_upper",
      "nitdim:buried_ocean/amethyst_geode_lower",
      "nitdim:buried_ocean/ore_coal",
      "nitdim:buried_ocean/ore_copper",
      "nitdim:buried_ocean/ore_diamond_double",
      "nitdim:buried_ocean/ore_gold",
      "nitdim:buried_ocean/ore_lapis"
    ],
    [],
    [
      "nitdim:spring_water_ceiling"
    ],
    [
      "nitdim:buried_ocean/disk_sand",
      "nitdim:buried_ocean/disk_gravel"
    ],
    [],
    [
      "nitdim:buried_ocean/patch_amethyst"
    ],
    [
      "nitdim:buried_ocean/replacer_lantern",
      "nitdim:buried_ocean/end_rod",
      "nitdim:buried_ocean/mystic_tree",
      "nitdim:buried_ocean/mystic_roots",
      "nitdim:buried_ocean/patch_grass",
      "nitdim:buried_ocean/glow_lichen"
    ],
    []
  ]
}
