{
  "feature": "minecraft:flower_flower_forest",
  "placement": [
    {
      "type": "minecraft:count",
      "count": {
        "type": "minecraft:uniform",
        "value": {
          "min_inclusive": 1,
          "max_inclusive": 3
        }
      }
    },
    {
      "type": "minecraft:in_square"
    },
    {
      "type": "minecraft:heightmap",
      "heightmap": "MOTION_BLOCKING"
    },
    {
      "type": "minecraft:count",
      "count": {
        "type": "minecraft:clamped",
        "value": {
          "min_inclusive": 0,
          "max_inclusive": 3,
          "source": {
            "type": "minecraft:uniform",
            "value": {
              "min_inclusive": -1,
              "max_inclusive": 3
            }
          }
        }
      }
    },
    {
      "type": "minecraft:biome"
    }
  ]
}
