{
  "type": "minecraft:command",
  "pools": [
    {
      "rolls": 1,
      "entries": [
        {
          "type": "minecraft:item",
          "name": "minecraft:written_book",
          "functions": [
            {
              "function": "minecraft:set_nbt",
              "tag": "{nitdim_bookAncient:8b,generation:3,pages: ['{\"text\":\"Syx: \\\\\"The vote is counted. By a tally of three-hundred-and-twelve to seventy-nine, King Drizen, you are hereby convicted on the charges of endangering, pollution, and war crimes, and are forcibly abdicated from your throne. As consequence, you will be banished from\"}', '{\"text\":\"the Buried Ocean entirely, through the Mysterious Portals of the sky-world and to another plane entirely, to be imprisoned for eternity in an aquatic cell, forgotten by this kingdom. Reparations will be made immediately to restore our civilization\\'s raport with the Ender peoples, and\"}', '{\"text\":\"research will begin on the effects of your actions at the now-infected Mushroom Islets, and how to reverse them. Baliff, assemble the Royal Guard to escort King Drizen to his consequence.\\\\\"\"}'], title: \"Buried Histories Vol. VIII\", author: \"Unknown\"}"
            }
          ]
        }
      ]
    }
  ]
}
