{
  "type": "minecraft:command",
  "pools": [
    {
      "rolls": 1,
      "entries": [
        {
          "type": "minecraft:item",
          "name": "minecraft:written_book",
          "functions": [
            {
              "function": "minecraft:set_nbt",
              "tag": "{nitdim_bookAncient:4b,generation:3,pages: ['{\"text\":\"Syx: \\\\\"Thank you, your majesty. We will proceed with the first witness, Guardian Gada. Please rise and swim before me. Guardian Hane will take the first examination. Baliff?\\\\\"\\\\n\\\\nBaliff: \\\\\"Guardian Gada, do you swear upon the great lanterns above to speak\"}', '{\"text\":\"honestly, without bias or ill intent, at peril of banishment?\\\\\"\\\\n\\\\nGuardian Gada: \\\\\"I swear it.\\\\\"\\\\n\\\\nBaliff: \\\\\"Guardian Hane may proceed.\\\\\"\"}'], title: \"Buried Histories Vol. IV\", author: \"Unknown\"}"
            }
          ]
        }
      ]
    }
  ]
}
