{
  "feature": "minecraft:lake_lava",
  "placement": [
    {
      "type": "minecraft:rarity_filter",
      "chance": 64
    },
    {
      "type": "minecraft:in_square"
    },
    {
      "type": "minecraft:height_range",
      "height": {
        "type": "minecraft:biased_to_bottom",
        "min_inclusive": {
          "above_bottom": 0
        },
        "max_inclusive": {
          "below_top": 0
        },
        "inner": 8
      }
    },
    {
      "type": "minecraft:biome"
    }
  ]
}
