{
  "temperature": 1,
  "downfall": 0,
  "precipitation": "none",
  "category": "ocean",
  "creature_spawn_probability": 0.2,
  "effects": {
    "sky_color": 0,
    "fog_color": 69672,
    "water_color": 596107,
    "water_fog_color": 329011,
    "grass_color": 3779655,
    "foliage_color": 3454794,
    "grass_color_modifier": "none"
  },
  "spawners": {
    "creature": [],
    "underground_water_creature": [
      {
        "type": "minecraft:glow_squid",
        "weight": 15,
        "minCount": 2,
        "maxCount": 5
      }
    ],
    "water_creature": [
      {
        "type": "minecraft:squid",
        "weight": 10,
        "minCount": 1,
        "maxCount": 1
      },
      {
        "type": "minecraft:cod",
        "weight": 5,
        "minCount": 2,
        "maxCount": 5
      }
    ],
    "monster": [
      {
        "type": "minecraft:drowned",
        "weight": 6,
        "minCount": 1,
        "maxCount": 2
      },
      {
        "type": "minecraft:spider",
        "weight": 8,
        "minCount": 2,
        "maxCount": 3
      },
      {
        "type": "minecraft:skeleton",
        "weight": 15,
        "minCount": 1,
        "maxCount": 2
      },
      {
        "type": "minecraft:creeper",
        "weight": 4,
        "minCount": 2,
        "maxCount": 3
      },
      {
        "type": "minecraft:slime",
        "weight": 5,
        "minCount": 3,
        "maxCount": 5
      }
    ]
  },
  "spawn_costs": {},
  "carvers": {},
  "features": [
    [],
    [
      "nitdim:buried_ocean/iceberg_dark",
      "nitdim:buried_ocean/block_piles_ocean",
      "nitdim:buried_ocean/stalactites_huge_double",
      "nitdim:buried_ocean/stalactites_common",
      "nitdim:buried_ocean/stalactites_super_common"
    ],
    [
      "minecraft:glowstone",
      "minecraft:glowstone_extra",
      "nitdim:buried_ocean/replacer_dripstone"
    ],
    [
      "nitdim:buried_ocean/ore_stone",
      "nitdim:buried_ocean/ore_andesite",
      "nitdim:buried_ocean/ore_deepslate",
      "nitdim:buried_ocean/ore_air"
    ],
    [
      "nitdim:buried_ocean/ore_diamond",
      "nitdim:buried_ocean/ore_gold",
      "nitdim:buried_ocean/ore_iron_buried",
      "nitdim:buried_ocean/ore_lapis",
      "nitdim:buried_ocean/ore_redstone"
    ],
    [],
    [
      "nitdim:buried_ocean/disk_clay",
      "nitdim:buried_ocean/disk_gravel"
    ],
    [],
    [
      "nitdim:spring_water_ceiling"
    ],
    [
      "nitdim:buried_ocean/replacer_lantern",
      "nitdim:buried_ocean/kelp",
      "nitdim:buried_ocean/seagrass",
      "nitdim:buried_ocean/glow_lichen",
      "nitdim:buried_ocean/sculk_patch"
    ],
    []
  ]
}
